{"total":"2","results":{"dkan_dataset\/1f2042ad-c513-4fcf-a933-cae6c6fd35e6":{"@type":"dcat:Dataset","accessLevel":"public","contactPoint":{"fn":"CDC INFO","hasEmail":"mailto:cdcinfo@cdc.gov"},"description":"\u003Cp\u003EStatistics on U.S. smoking rates and tobacco taxation rates for all fifty states.\u003C\/p\u003E\n\u003Cp\u003E\u003Cstrong\u003ESource:\u003C\/strong\u003E Centers for Disease Control and Prevention, 2015\u003Cbr \/\u003E\u003Ca href=\u0022https:\/\/www.cdc.gov\/tobacco\/data_statistics\/state_data\/\u0022\u003Ehttps:\/\/www.cdc.gov\/tobacco\/data_statistics\/state_data\/\u003C\/a\u003E\u003C\/p\u003E\n\u003Cp\u003E\u003Cstrong\u003ERelated Data Story: \u003C\/strong\u003E\u003Ca href=\u0022\/story\/state-level-policies-reduce-smoking-rates-nationwide\u0022\u003EState-Level Policies Reduce Smoking Rates Nationwide\u003C\/a\u003E\u003C\/p\u003E\n","distribution":[{"@type":"dcat:Distribution","downloadURL":"http:\/\/demo.getdkan.org\/sites\/default\/files\/distribution\/1f2042ad-c513-4fcf-a933-cae6c6fd35e6\/TobaccoTaxes2016_2_1.csv","mediaType":"text\/csv","format":"csv","description":"\u003Cp\u003ESource: The Campaign for Tobacco-Free Kids, April 2016: \u003Ca href=\u0022https:\/\/www.tobaccofreekids.org\/research\/factsheets\/pdf\/0097.pdf\u0022\u003Ehttps:\/\/www.tobaccofreekids.org\/research\/factsheets\/pdf\/0097.pdf\u003C\/a\u003E\u003C\/p\u003E\n","title":"Tobacco Taxation by State as of April 2016"},{"@type":"dcat:Distribution","downloadURL":"http:\/\/demo.getdkan.org\/sites\/default\/files\/distribution\/1f2042ad-c513-4fcf-a933-cae6c6fd35e6\/CDCSmokingRates.csv","mediaType":"text\/csv","format":"csv","description":"\u003Cp\u003ESource: Centers for Disease Control and Prevention, 2015\u003C\/p\u003E\n","title":"U.S. Adult Smoking Rate"}],"identifier":"1f2042ad-c513-4fcf-a933-cae6c6fd35e6","issued":"2016-04-10","keyword":["demographics","health"],"modified":"2019-06-06","publisher":{"@type":"org:Organization","name":"Advisory Council for Infectious Disease"},"spatial":"POLYGON ((-127.705078125 24.206889622398, -127.705078125 50.625073063414, -63.193359375 50.625073063414, -63.193359375 24.206889622398))","theme":["Health Care"],"title":"U.S. Tobacco Usage Statistics"},"dkan_dataset\/e1f2ebcd-ee23-454f-87b5-df0306658418":{"@type":"dcat:Dataset","accessLevel":"public","contactPoint":{"fn":"CDC INFO","hasEmail":"mailto:cdcinfo@cdc.gov"},"description":"\u003Cp\u003ECenters for Disease Control and Prevention data regarding varicella (chickenpox) virus incidence and mortality rates.\u003C\/p\u003E\n\u003Cp\u003E\u003Cstrong\u003ESource:\u003C\/strong\u003E \u003Ca href=\u0022https:\/\/data.cdc.gov\/NNDSS\/NNDSS-Table-II-Varicella-to-West-Nile-virus-diseas\/ig4m-ub43\u0022\u003Ehttps:\/\/data.cdc.gov\/NNDSS\/NNDSS-Table-II-Varicella-to-West-Nile-virus-d...\u003C\/a\u003E\u003C\/p\u003E\n\u003Cp\u003E\u003Cstrong\u003ERelated Data Story: \u003C\/strong\u003E\u003Ca href=\u0022\/story\/end-chickenpox-varicella-vaccines-success-story\u0022\u003EAn End to Chickenpox: The Varicella Vaccine\u0027s Success Story\u003C\/a\u003E\u003C\/p\u003E\n","distribution":[{"@type":"dcat:Distribution","downloadURL":"http:\/\/demo.getdkan.org\/sites\/default\/files\/distribution\/e1f2ebcd-ee23-454f-87b5-df0306658418\/postvaccinedeaths_0_0.csv","mediaType":"text\/csv","format":"csv","description":"\u003Cp\u003ESource: \u0022Near elimination of varicella deaths in the US after implementation of the vaccination program.\u0022 published in the American Journal of Pediatrics in August 2011.\u003C\/p\u003E\n","title":" Varicella Mortality by Age Group, 1995-2009"},{"@type":"dcat:Distribution","downloadURL":"http:\/\/demo.getdkan.org\/sites\/default\/files\/distribution\/e1f2ebcd-ee23-454f-87b5-df0306658418\/varicelladeaths1970_1994.csv","mediaType":"text\/csv","format":"csv","description":"\u003Cp\u003ESource: Centers for Disease Control and Prevention in Atlanta, Georgia. \u201cVaricella Mortality: Trends before Vaccine Licensure in the United States, 1970\u20131994\u201d published August 2000 in the Journal of Infectious Diseases.\u003C\/p\u003E\n","title":"Varicella Mortality by Age Group, 1970-1994"},{"@type":"dcat:Distribution","downloadURL":"http:\/\/demo.getdkan.org\/sites\/default\/files\/distribution\/e1f2ebcd-ee23-454f-87b5-df0306658418\/varicellaincidencerates_0.csv","mediaType":"text\/csv","format":"csv","description":"\u003Cp\u003ESource: \u0022Impact of Vaccination on the Epidemiology of Varicella: 1995\u20132009\u0022 published in the journal Pediatrics in August 2011.\u003C\/p\u003E\n","title":"Varicella Incidence Rates After Vaccine Introduced in U.S., 1995-2009"}],"identifier":"e1f2ebcd-ee23-454f-87b5-df0306658418","issued":"2016-04-06","keyword":["health"],"modified":"2019-06-06","publisher":{"@type":"org:Organization","name":"Advisory Council for Infectious Disease"},"spatial":"POLYGON ((-128.056640625 24.206889622398, -128.056640625 50.176898122001, -64.775390625 50.176898122001, -64.775390625 24.206889622398))","theme":["Health Care"],"title":"Varicella (Chickenpox) Incidence and Mortality, Before and After the Vaccine"}}}