{"total":"1","results":{"dkan_dataset\/fb3525f2-d32a-451e-8869-906ed41f7695":{"@type":"dcat:Dataset","accessLevel":"public","contactPoint":{"fn":"Gray, Stefanie","hasEmail":"mailto:datademo@example.com"},"description":"\u003Cp\u003EDeprivation is measured across seven different areas or domains - income, employment, health, education, living environment, crime and barriers to services using a wide range of indicators, and the methods used show how each area compares with other areas across England using a combination of all these indicators.\u003C\/p\u003E\n\u003Cp\u003EAs stated by The Guardian, \u0022the data is based on a close analysis of the UK government\u0027s Indices of Multiple Deprivation - which measures relative poverty across England \u2013 by Alasdair Rae at the University of Sheffield.\u0022 (\u003Ca href=\u0022https:\/\/www.theguardian.com\/uk\/datablog\/2012\/apr\/12\/deprivation-poverty-london\u0022\u003ESource\u003C\/a\u003E)\u003C\/p\u003E\n\u003Cp\u003E\u003Cstrong\u003ESource:\u003C\/strong\u003E \u003Ca href=\u0022https:\/\/data.london.gov.uk\/dataset\/indices-of-deprivation-2015\u0022\u003Ehttps:\/\/data.london.gov.uk\/dataset\/indices-of-deprivation-2015\u003C\/a\u003E\u003C\/p\u003E\n\u003Cp\u003E\u003Cstrong\u003ERelated Data Story: \u003C\/strong\u003E\u003Ca href=\u0022\/story\/london-income-analysis\u0022\u003ELondon Income Analysis\u003C\/a\u003E\u003C\/p\u003E\n","distribution":[{"@type":"dcat:Distribution","downloadURL":"http:\/\/demo.getdkan.org\/sites\/default\/files\/distribution\/fb3525f2-d32a-451e-8869-906ed41f7695\/IMD-MAPS.zip","mediaType":"application\/zip","format":"zip","title":"English Indices of Deprivation 2010"}],"identifier":"fb3525f2-d32a-451e-8869-906ed41f7695","issued":"2016-04-21","keyword":["demographics","economy","spatial data","United Kingdom"],"modified":"2019-06-06","publisher":{"@type":"org:Organization","name":"Committee on International Affairs"},"references":["http:\/\/www.lfpress.com\/2016\/05\/13\/expert-panel-says-londons-living-wage-is-1553h-londoners-need-30284-to-meet-basic-needs"],"spatial":"POLYGON ((-1.1178588867187 51.08282186161, -1.1178588867187 51.859531509855, 1.1178588867187 51.859531509855, 1.1178588867187 51.08282186161))","theme":["Finance and Budgeting"],"title":"London Deprivation Index"}}}