{"total":"1","results":{"dkan_dataset\/5dc1cfcf-8028-476c-a020-f58ec6dd621c":{"@type":"dcat:Dataset","accessLevel":"public","contactPoint":{"fn":"Gray, Stefanie","hasEmail":"mailto:datademo@example.com"},"description":"\u003Cp\u003EMonthly gold prices (USD) in London from Bundesbank.\u003C\/p\u003E\n\u003Cp\u003EGeneral: 1 ounce of fine gold = 31.1034768g.\u003C\/p\u003E\n\u003Cp\u003EMethod of calculation:\u003C\/p\u003E\n\u003Cul\u003E\u003Cli\u003ESince 1 April 1968, calculated from the daily morning fixing;\u003C\/li\u003E\n\u003Cli\u003EFrom January 1950 to 21 March 1954, calculated using the Bank of England\u0027s gold purchasing price (1 ounce of fine = pound 12.40) in connection with the average exchange rate for the pound in New York (up to the end of 1952; source: Federal Reserve Bulletin) and, from January 1953, midpoint exchange rates for the US dollar in London (source: Financial Times (FT)).\u003C\/li\u003E\n\u003Cli\u003EFrom 22 March 1954 to December 1959, calculated using the fixing price for gold bars of approx. 12 1\/2 kg and 995\/1000 fineness and over (so-called standard bars) according to data from Metallgesellschaft AG, Frankfurt am Main, in connection with the average midpoint exchange rates for the US dollar in London (source: FT).\u003C\/li\u003E\n\u003Cli\u003EFrom January 1960 to 14 March 1968, average fixing price for standard bars as specified in the Bank of England\u0027s Quarterly Bulletin.\u003C\/li\u003E\n\u003Cli\u003EOn 15 March 1968, fixing price suspended. Gold market split into an official (reserved for central banks) and a free market as a result of the Washington Communique of 17 March 1968. Gold trading suspended from 18 to 29 March 1968.\u003C\/li\u003E\n\u003Cli\u003ESources for daily prices: April 1968 - March 1974: FT; April 1974 - December 1980: Samuel Montagu \u0026amp; Co. Ltd.; January 1981 - December 2005: FT; January 2006 - present: Reuters.\u003C\/li\u003E\n\u003Cli\u003EComment on 1968-03: Average from 1 to 14 March 1968.\u003C\/li\u003E\n\u003C\/ul\u003E\u003Cp\u003ELicense: PDDL (Source indicates no restrictions on data).\u003C\/p\u003E\n","distribution":[{"@type":"dcat:Distribution","downloadURL":"http:\/\/demo.getdkan.org\/sites\/default\/files\/distribution\/5dc1cfcf-8028-476c-a020-f58ec6dd621c\/data_0.csv","mediaType":"text\/csv","format":"csv","description":"\u003Cp\u003ECSV file extracted and cleaned from source excel.\u003C\/p\u003E\n\u003Cp\u003EClick on Graph button under Preview and plot date (x-axis) against price (y-axis) to see a line graph. Hovering over a point gives you the value of that data entry.\u003C\/p\u003E\n","title":"Table of Gold Prices"}],"identifier":"5dc1cfcf-8028-476c-a020-f58ec6dd621c","issued":"2013-02-10","keyword":["economy","price","time-series"],"license":"http:\/\/opendefinition.org\/licenses\/odc-pddl\/","modified":"2019-06-06","publisher":{"@type":"org:Organization","name":"State Economic Council"},"spatial":"POLYGON ((-0.56854248046875 51.253320526331, -0.56854248046875 51.725326868065, 0.3076171875 51.725326868065, 0.3076171875 51.253320526331))","temporal":"1950-01-01T05:00:00+00:00\/1950-01-01T05:00:00+00:00","theme":["Finance and Budgeting"],"title":"Gold Prices in London 1950-2008 (Monthly)"}}}