{"total":"10","results":{"dkan_dataset\/1f2042ad-c513-4fcf-a933-cae6c6fd35e6":{"@type":"dcat:Dataset","accessLevel":"public","contactPoint":{"fn":"CDC INFO","hasEmail":"mailto:cdcinfo@cdc.gov"},"description":"\u003Cp\u003EStatistics on U.S. smoking rates and tobacco taxation rates for all fifty states.\u003C\/p\u003E\n\u003Cp\u003E\u003Cstrong\u003ESource:\u003C\/strong\u003E Centers for Disease Control and Prevention, 2015\u003Cbr \/\u003E\u003Ca href=\u0022https:\/\/www.cdc.gov\/tobacco\/data_statistics\/state_data\/\u0022\u003Ehttps:\/\/www.cdc.gov\/tobacco\/data_statistics\/state_data\/\u003C\/a\u003E\u003C\/p\u003E\n\u003Cp\u003E\u003Cstrong\u003ERelated Data Story: \u003C\/strong\u003E\u003Ca href=\u0022\/story\/state-level-policies-reduce-smoking-rates-nationwide\u0022\u003EState-Level Policies Reduce Smoking Rates Nationwide\u003C\/a\u003E\u003C\/p\u003E\n","distribution":[{"@type":"dcat:Distribution","downloadURL":"http:\/\/demo.getdkan.org\/sites\/default\/files\/distribution\/1f2042ad-c513-4fcf-a933-cae6c6fd35e6\/TobaccoTaxes2016_2_1.csv","mediaType":"text\/csv","format":"csv","description":"\u003Cp\u003ESource: The Campaign for Tobacco-Free Kids, April 2016: \u003Ca href=\u0022https:\/\/www.tobaccofreekids.org\/research\/factsheets\/pdf\/0097.pdf\u0022\u003Ehttps:\/\/www.tobaccofreekids.org\/research\/factsheets\/pdf\/0097.pdf\u003C\/a\u003E\u003C\/p\u003E\n","title":"Tobacco Taxation by State as of April 2016"},{"@type":"dcat:Distribution","downloadURL":"http:\/\/demo.getdkan.org\/sites\/default\/files\/distribution\/1f2042ad-c513-4fcf-a933-cae6c6fd35e6\/CDCSmokingRates.csv","mediaType":"text\/csv","format":"csv","description":"\u003Cp\u003ESource: Centers for Disease Control and Prevention, 2015\u003C\/p\u003E\n","title":"U.S. Adult Smoking Rate"}],"identifier":"1f2042ad-c513-4fcf-a933-cae6c6fd35e6","issued":"2016-04-10","keyword":["demographics","health"],"modified":"2019-06-06","publisher":{"@type":"org:Organization","name":"Advisory Council for Infectious Disease"},"spatial":"POLYGON ((-127.705078125 24.206889622398, -127.705078125 50.625073063414, -63.193359375 50.625073063414, -63.193359375 24.206889622398))","theme":["Health Care"],"title":"U.S. Tobacco Usage Statistics"},"dkan_dataset\/5dc1cfcf-8028-476c-a020-f58ec6dd621c":{"@type":"dcat:Dataset","accessLevel":"public","contactPoint":{"fn":"Gray, Stefanie","hasEmail":"mailto:datademo@example.com"},"description":"\u003Cp\u003EMonthly gold prices (USD) in London from Bundesbank.\u003C\/p\u003E\n\u003Cp\u003EGeneral: 1 ounce of fine gold = 31.1034768g.\u003C\/p\u003E\n\u003Cp\u003EMethod of calculation:\u003C\/p\u003E\n\u003Cul\u003E\u003Cli\u003ESince 1 April 1968, calculated from the daily morning fixing;\u003C\/li\u003E\n\u003Cli\u003EFrom January 1950 to 21 March 1954, calculated using the Bank of England\u0027s gold purchasing price (1 ounce of fine = pound 12.40) in connection with the average exchange rate for the pound in New York (up to the end of 1952; source: Federal Reserve Bulletin) and, from January 1953, midpoint exchange rates for the US dollar in London (source: Financial Times (FT)).\u003C\/li\u003E\n\u003Cli\u003EFrom 22 March 1954 to December 1959, calculated using the fixing price for gold bars of approx. 12 1\/2 kg and 995\/1000 fineness and over (so-called standard bars) according to data from Metallgesellschaft AG, Frankfurt am Main, in connection with the average midpoint exchange rates for the US dollar in London (source: FT).\u003C\/li\u003E\n\u003Cli\u003EFrom January 1960 to 14 March 1968, average fixing price for standard bars as specified in the Bank of England\u0027s Quarterly Bulletin.\u003C\/li\u003E\n\u003Cli\u003EOn 15 March 1968, fixing price suspended. Gold market split into an official (reserved for central banks) and a free market as a result of the Washington Communique of 17 March 1968. Gold trading suspended from 18 to 29 March 1968.\u003C\/li\u003E\n\u003Cli\u003ESources for daily prices: April 1968 - March 1974: FT; April 1974 - December 1980: Samuel Montagu \u0026amp; Co. Ltd.; January 1981 - December 2005: FT; January 2006 - present: Reuters.\u003C\/li\u003E\n\u003Cli\u003EComment on 1968-03: Average from 1 to 14 March 1968.\u003C\/li\u003E\n\u003C\/ul\u003E\u003Cp\u003ELicense: PDDL (Source indicates no restrictions on data).\u003C\/p\u003E\n","distribution":[{"@type":"dcat:Distribution","downloadURL":"http:\/\/demo.getdkan.org\/sites\/default\/files\/distribution\/5dc1cfcf-8028-476c-a020-f58ec6dd621c\/data_0.csv","mediaType":"text\/csv","format":"csv","description":"\u003Cp\u003ECSV file extracted and cleaned from source excel.\u003C\/p\u003E\n\u003Cp\u003EClick on Graph button under Preview and plot date (x-axis) against price (y-axis) to see a line graph. Hovering over a point gives you the value of that data entry.\u003C\/p\u003E\n","title":"Table of Gold Prices"}],"identifier":"5dc1cfcf-8028-476c-a020-f58ec6dd621c","issued":"2013-02-10","keyword":["economy","price","time-series"],"license":"http:\/\/opendefinition.org\/licenses\/odc-pddl\/","modified":"2019-06-06","publisher":{"@type":"org:Organization","name":"State Economic Council"},"spatial":"POLYGON ((-0.56854248046875 51.253320526331, -0.56854248046875 51.725326868065, 0.3076171875 51.725326868065, 0.3076171875 51.253320526331))","temporal":"1950-01-01T05:00:00+00:00\/1950-01-01T05:00:00+00:00","theme":["Finance and Budgeting"],"title":"Gold Prices in London 1950-2008 (Monthly)"},"dkan_dataset\/74c06c81-9fe0-439c-aba9-cd5c980a6df4":{"@type":"dcat:Dataset","accessLevel":"public","contactPoint":{"fn":"Gray, Stefanie","hasEmail":"mailto:datademo@example.com"},"description":"\u003Cp\u003ECounty data: \u003Ca href=\u0022https:\/\/www.npr.org\/templates\/story\/story.php?storyId=111494514\u0022\u003Ehttps:\/\/www.npr.org\/templates\/story\/story.php?storyId=111494514\u003C\/a\u003E\u003C\/p\u003E\n\u003Cp\u003EState data: \u003Ca href=\u0022http:\/\/statehealthfacts.org\/comparetable.jsp?ind=649\u0026amp;cat=1\u0022\u003Ehttp:\/\/statehealthfacts.org\/comparetable.jsp?ind=649\u0026amp;cat=1\u003C\/a\u003E\u003C\/p\u003E\n","distribution":[{"@type":"dcat:Distribution","downloadURL":"http:\/\/demo.getdkan.org\/sites\/default\/files\/distribution\/74c06c81-9fe0-439c-aba9-cd5c980a6df4\/us_foreclosures_jan_2012_by_state_0.csv","mediaType":"text\/csv","format":"csv","description":"\u003Cp\u003EUS National Foreclosure Statistics - By State - January 2012\u003C\/p\u003E\n","title":"1-2012-Foreclosures-by-State"}],"identifier":"74c06c81-9fe0-439c-aba9-cd5c980a6df4","issued":"2013-02-10","keyword":["economy","politics","transparency"],"modified":"2019-06-06","publisher":{"@type":"org:Organization","name":"State Economic Council"},"spatial":"POLYGON ((-126.9140625 24.046463999667, -126.9140625 50.625073063414, -65.56640625 50.625073063414, -65.56640625 24.046463999667))","temporal":"2012-01-01T05:00:00+00:00\/2012-01-01T05:00:00+00:00","theme":["Finance and Budgeting"],"title":"US National Foreclosure Statistics January 2012"},"dkan_dataset\/934400f2-a5dc-4abf-bf16-3f17335888d3":{"@type":"dcat:Dataset","accessLevel":"public","contactPoint":{"fn":"Couch, Aaron","hasEmail":"mailto:datademo@example.com"},"description":"\u003Cp\u003EPolling places in the state of Wisconsin.\u003C\/p\u003E\n","distribution":[{"@type":"dcat:Distribution","downloadURL":"http:\/\/demo.getdkan.org\/sites\/default\/files\/distribution\/934400f2-a5dc-4abf-bf16-3f17335888d3\/Polling_Places.csv","format":"csv","description":"\u003Cp\u003EThis is a list and map of polling places in Madison, WI.\u003C\/p\u003E\n\u003Cp\u003EOriginal data here:\u003Cbr \/\u003E\u003Ca href=\u0022https:\/\/data.cityofmadison.com\/Polling-Places\/Polling-Places\/rtyh-6ucr\u0022\u003Ehttps:\/\/data.cityofmadison.com\/Polling-Places\/Polling-Places\/rtyh-6ucr\u003C\/a\u003E\u003C\/p\u003E\n","title":"Madison Polling Places"}],"identifier":"934400f2-a5dc-4abf-bf16-3f17335888d3","issued":"2013-02-11","keyword":["election"],"modified":"2019-06-06","publisher":{"@type":"org:Organization","name":"Committee on International Affairs"},"theme":["City Planning"],"spatial":"POLYGON ((-90.415429 46.568478, -90.229213 46.508231, -90.119674 46.338446, -89.09001 46.135799, -88.662808 45.987922, -88.531362 46.020784, -88.10416 45.922199, -87.989145 45.796229, -87.781021 45.675736, -87.791975 45.500474, -87.885083 45.363551, -87.649574 45.341643, -87.742682 45.199243, -87.589328 45.095181, -87.627666 44.974688, -87.819359 44.95278, -87.983668 44.722749, -88.043914 44.563917, -87.928898 44.536533, -87.775544 44.640595, -87.611236 44.837764, -87.403112 44.914442, -87.238804 45.166381, -87.03068 45.22115, -87.047111 45.089704, -87.189511 44.969211, -87.468835 44.552964, -87.545512 44.322932, -87.540035 44.158624, -87.644097 44.103854, -87.737205 43.8793, -87.704344 43.687607, -87.791975 43.561637, -87.912467 43.249452, -87.885083 43.002989, -87.76459 42.783912, -87.802929 42.493634, -88.788778 42.493634, -90.639984 42.510065, -90.711184 42.636034, -91.067185 42.75105, -91.143862 42.909881, -91.176724 43.134436, -91.056231 43.254929, -91.204109 43.353514, -91.215062 43.501391, -91.269832 43.616407, -91.242447 43.775238, -91.43414 43.994316, -91.592971 44.032654, -91.877772 44.202439, -91.927065 44.333886, -92.233773 44.443425, -92.337835 44.552964, -92.545959 44.569394, -92.808852 44.750133, -92.737652 45.117088, -92.75956 45.286874, -92.644544 45.440228, -92.770513 45.566198, -92.885529 45.577151, -92.869098 45.719552, -92.639067 45.933153, -92.354266 46.015307, -92.29402 46.075553, -92.29402 46.667063, -92.091373 46.749217, -92.014696 46.705401, -91.790141 46.694447, -91.09457 46.864232, -90.837154 46.95734, -90.749522 46.88614, -90.886446 46.754694, -90.55783 46.584908))","title":"Wisconsin Polling Places"},"dkan_dataset\/95f8eac4-fd1f-4b35-8472-5c87e9425dfa":{"@type":"dcat:Dataset","accessLevel":"public","contactPoint":{"fn":"Stefanie Gray","hasEmail":"mailto:stefanie@example.com"},"description":"\u003Cp\u003EInformation about the state workforce, broken down into four generational cohorts.\u003C\/p\u003E\n\u003Cp\u003E\u003Cstrong\u003ENote:\u003C\/strong\u003E This dataset has been given a vague name because it is anonymized demo data, not actual state data.\u003C\/p\u003E\n","distribution":[{"@type":"dcat:Distribution","downloadURL":"http:\/\/demo.getdkan.org\/sites\/default\/files\/distribution\/95f8eac4-fd1f-4b35-8472-5c87e9425dfa\/GenChart_0_0.csv","mediaType":"text\/csv","format":"csv","description":"\u003Cp\u003EPopulation of state employees broken down into Gen X, Gen Y, Baby Boomers and Over 65+.\u003C\/p\u003E\n","title":"Workforce By Generation (2011-2015)"},{"@type":"dcat:Distribution","downloadURL":"http:\/\/demo.getdkan.org\/sites\/default\/files\/distribution\/95f8eac4-fd1f-4b35-8472-5c87e9425dfa\/retirements_0.csv","mediaType":"text\/csv","format":"csv","description":"\u003Cp\u003ETotal number of employees who retired from the state workforce, 2011-2015.\u003C\/p\u003E\n","title":"Retirements (2011 - 2015)"},{"@type":"dcat:Distribution","downloadURL":"http:\/\/demo.getdkan.org\/sites\/default\/files\/distribution\/95f8eac4-fd1f-4b35-8472-5c87e9425dfa\/2015EligibleVsActual.csv","mediaType":"text\/csv","format":"csv","description":"\u003Cp\u003EThis data, ranging from fiscal year 2011 to fiscal year 2015, depicts the percentage of the workforce that is eligible to retire compared to the percentage of the workforce who actually retired.\u003C\/p\u003E\n","title":"Retirements: Eligible vs. Actual"}],"identifier":"95f8eac4-fd1f-4b35-8472-5c87e9425dfa","issued":"2016-04-11","keyword":["demographics","socioeconomic","workforce"],"modified":"2019-06-06","publisher":{"@type":"org:Organization","name":"State Economic Council"},"theme":["Finance and Budgeting"],"temporal":"2011-01-01T05:00:00+00:00\/2011-01-01T05:00:00+00:00","title":"State Workforce by Generation (2011-2015)"}}}