{
  "main": [
    {
      "label": "Home",
      "url": "/",
      "target": "_top"
    },
    {
      "label": "Datasets",
      "url": "/search",
      "target": "_top"
    },
    {
      "label": "Publishers",
      "url": "/publishers",
      "target": "_top"
    },
    {
      "label": "About",
      "url": "/about",
      "target": "_top"
    },
    {
      "label": "API",
      "url": "/api",
      "target": "_top"
    }
  ],
  "footer1": [
    {
      "label": "Documentation",
      "url": "https://dkan.readthedocs.io/en/latest/index.html",
      "target": "_blank"
    },
    {
      "label": "Download",
      "url": "https://github.com/getdkan/dkan"
    },
    {
      "label": "CivicActions",
      "url": "https://civicactions.com",
      "target": "_blank"
    }
  ],
  "footer2": [
    {
      "label": "Project Open Data",
      "url": "https://project-open-data.cio.gov"
    },
    {
      "label": "DCAT",
      "url": "https://www.w3.org/TR/vocab-dcat/",
      "target": "_blank"
    },
    {
      "label": "Drupal",
      "url": "https://drupal.org",
      "target": "_blank"
    }
  ]
}
