{
  "count": 200,
  "schema": {
    "1234abcd": {
      "fields": {

        "record_number":{
          "type":"text",
          "description":""
        },
        "date":{
          "type":"text",
          "description":"CMS Certification Number (CCN)"
        },
        "price":{
          "type":"text",
          "description":"Facility Name"
        }
      }
    },
    "2a6924b6-f8bb-5c85-93d8-1744fa1e2093": {
      "fields": {

        "record_number":{
          "type":"text",
          "description":""
        },
        "date":{
          "type":"text",
          "description":"CMS Certification Number (CCN)"
        },
        "price":{
          "type":"text",
          "description":"Facility Name"
        }
      }
    },
    "18665dfe-b31e-5ccf-9325-97c9833c6804": {
      "fields": {

        "record_number":{
          "type":"text",
          "description":""
        },
        "date":{
          "type":"text",
          "description":"CMS Certification Number (CCN)"
        },
        "price":{
          "type":"text",
          "description":"Facility Name"
        }
      }
    }
  },
  "results": [
    {
      "record_number": "200",
      "date": "1950-01-01",
      "price": "34.73"
    },
    {
      "record_number": "199",
      "date": "1950-02-01",
      "price": "34.73"
    },
    {
      "record_number": "198",
      "date": "1950-03-01",
      "price": "34.73"
    },
    {
      "record_number": "197",
      "date": "1950-04-01",
      "price": "34.73"
    },
    {
      "record_number": "196",
      "date": "1950-05-01",
      "price": "34.73"
    },
    {
      "record_number": "195",
      "date": "1950-06-01",
      "price": "34.73"
    },
    {
      "record_number": "194",
      "date": "1950-07-01",
      "price": "34.73"
    },
    {
      "record_number": "193",
      "date": "1950-08-01",
      "price": "34.73"
    },
    {
      "record_number": "192",
      "date": "1950-09-01",
      "price": "34.73"
    },
    {
      "record_number": "191",
      "date": "1950-10-01",
      "price": "34.73"
    },
    {
      "record_number": "190",
      "date": "1950-11-01",
      "price": "34.73"
    },
    {
      "record_number": "189",
      "date": "1950-12-01",
      "price": "34.72"
    },
    {
      "record_number": "188",
      "date": "1951-01-01",
      "price": "34.72"
    },
    {
      "record_number": "187",
      "date": "1951-02-01",
      "price": "34.73"
    },
    {
      "record_number": "186",
      "date": "1951-03-01",
      "price": "34.73"
    },
    {
      "record_number": "185",
      "date": "1951-04-01",
      "price": "34.73"
    },
    {
      "record_number": "184",
      "date": "1951-05-01",
      "price": "34.73"
    },
    {
      "record_number": "183",
      "date": "1951-06-01",
      "price": "34.73"
    },
    {
      "record_number": "182",
      "date": "1951-07-01",
      "price": "34.72"
    },
    {
      "record_number": "181",
      "date": "1951-08-01",
      "price": "34.71"
    }
  ]
}