{
  "count": 200,
  "schema": {
    "1234abcd": {
      "fields": {

        "record_number":{
          "type":"text",
          "description":""
        },
        "date":{
          "type":"text",
          "description":"CMS Certification Number (CCN)"
        },
        "price":{
          "type":"text",
          "description":"Facility Name"
        }
      }
    },
    "2a6924b6-f8bb-5c85-93d8-1744fa1e2093": {
      "fields": {

        "record_number":{
          "type":"text",
          "description":""
        },
        "date":{
          "type":"text",
          "description":"CMS Certification Number (CCN)"
        },
        "price":{
          "type":"text",
          "description":"Facility Name"
        }
      }
    },
    "18665dfe-b31e-5ccf-9325-97c9833c6804": {
      "fields": {

        "record_number":{
          "type":"text",
          "description":""
        },
        "date":{
          "type":"text",
          "description":"CMS Certification Number (CCN)"
        },
        "price":{
          "type":"text",
          "description":"Facility Name"
        }
      }
    }
  },
  "results": [
    {
      "record_number": "1",
      "date": "1950-01-01",
      "price": "34.73"
    },
    {
      "record_number": "2",
      "date": "1950-02-01",
      "price": "34.73"
    },
    {
      "record_number": "3",
      "date": "1950-03-01",
      "price": "34.73"
    },
    {
      "record_number": "4",
      "date": "1950-04-01",
      "price": "34.73"
    },
    {
      "record_number": "5",
      "date": "1950-05-01",
      "price": "34.73"
    },
    {
      "record_number": "6",
      "date": "1950-06-01",
      "price": "34.73"
    },
    {
      "record_number": "7",
      "date": "1950-07-01",
      "price": "34.73"
    },
    {
      "record_number": "8",
      "date": "1950-08-01",
      "price": "34.73"
    },
    {
      "record_number": "9",
      "date": "1950-09-01",
      "price": "34.73"
    },
    {
      "record_number": "10",
      "date": "1950-10-01",
      "price": "34.73"
    },
    {
      "record_number": "11",
      "date": "1950-11-01",
      "price": "34.73"
    },
    {
      "record_number": "12",
      "date": "1950-12-01",
      "price": "34.72"
    },
    {
      "record_number": "13",
      "date": "1951-01-01",
      "price": "34.72"
    },
    {
      "record_number": "14",
      "date": "1951-02-01",
      "price": "34.73"
    },
    {
      "record_number": "15",
      "date": "1951-03-01",
      "price": "34.73"
    },
    {
      "record_number": "16",
      "date": "1951-04-01",
      "price": "34.73"
    },
    {
      "record_number": "17",
      "date": "1951-05-01",
      "price": "34.73"
    },
    {
      "record_number": "18",
      "date": "1951-06-01",
      "price": "34.73"
    },
    {
      "record_number": "19",
      "date": "1951-07-01",
      "price": "34.72"
    },
    {
      "record_number": "20",
      "date": "1951-08-01",
      "price": "34.71"
    }
  ]
}